SET autocommit=0;
SET unique_checks=0;
SET foreign_key_checks=0;

insert into tblTeam (id, number) values (1, 101);
insert into tblTeam (id, number) values (2, 102);
insert into tblTeam (id, number) values (3, 103);
insert into tblTeam (id, number) values (4, 104);
insert into tblTeam (id, number) values (5, 105);
insert into tblTeam (id, number) values (6, 106);
insert into tblTeam (id, number) values (7, 107);
insert into tblTeam (id, number) values (8, 108);
insert into tblTeam (id, number) values (9, 109);
insert into tblTeam (id, number) values (10, 110);
insert into tblTeam (id, number) values (11, 111);
insert into tblTeam (id, number) values (12, 112);
insert into tblTeam (id, number) values (13, 113);
insert into tblTeam (id, number) values (14, 114);
insert into tblTeam (id, number) values (15, 115);
insert into tblTeam (id, number) values (16, 116);
insert into tblTeam (id, number) values (17, 117);
insert into tblTeam (id, number) values (18, 118);
insert into tblTeam (id, number) values (19, 119);
insert into tblTeam (id, number) values (20, 120);
insert into tblTeam (id, number) values (21, 121);
insert into tblTeam (id, number) values (22, 122);
insert into tblTeam (id, number) values (23, 123);
insert into tblTeam (id, number) values (24, 124);
insert into tblTeam (id, number) values (25, 125);
insert into tblTeam (id, number) values (26, 126);
insert into tblTeam (id, number) values (27, 127);
insert into tblTeam (id, number) values (28, 128);
insert into tblTeam (id, number) values (29, 129);
insert into tblTeam (id, number) values (30, 130);

insert into tblUser (id, number, firstname, lastname, username, team_id) values (1, 101, 'Kelly', 'Lewis', 'klewis0', 23);
insert into tblUser (id, number, firstname, lastname, username, team_id) values (2, 102, 'William', 'Edwards', 'wedwards1', 24);
insert into tblUser (id, number, firstname, lastname, username, team_id) values (3, 103, 'Sharon', 'Howell', 'showell2', 30);
insert into tblUser (id, number, firstname, lastname, username, team_id) values (4, 104, 'Roy', 'Rogers', 'rrogers3', 6);
insert into tblUser (id, number, firstname, lastname, username, team_id) values (5, 105, 'Julia', 'Gonzales', 'jgonzales4', 8);
insert into tblUser (id, number, firstname, lastname, username, team_id) values (6, 106, 'Bobby', 'Wagner', 'bwagner5', null);
insert into tblUser (id, number, firstname, lastname, username, team_id) values (7, 107, 'Roy', 'Patterson', 'rpatterson6', 29);
insert into tblUser (id, number, firstname, lastname, username, team_id) values (8, 108, 'Sarah', 'Nelson', 'snelson7', 21);
insert into tblUser (id, number, firstname, lastname, username, team_id) values (9, 109, 'Mark', 'Dunn', 'mdunn8', 24);
insert into tblUser (id, number, firstname, lastname, username, team_id) values (10, 110, 'Juan', 'Shaw', 'jshaw9', 9);
insert into tblUser (id, number, firstname, lastname, username, team_id) values (11, 111, 'Sandra', 'Ramirez', 'sramireza', null);
insert into tblUser (id, number, firstname, lastname, username, team_id) values (12, 112, 'Robin', 'Griffin', 'rgriffinb', null);
insert into tblUser (id, number, firstname, lastname, username, team_id) values (13, 113, 'Phyllis', 'Stewart', 'pstewartc', 6);
insert into tblUser (id, number, firstname, lastname, username, team_id) values (14, 114, 'Patricia', 'Wheeler', 'pwheelerd', null);
insert into tblUser (id, number, firstname, lastname, username, team_id) values (15, 115, 'Billy', 'Reyes', 'breyese', null);
insert into tblUser (id, number, firstname, lastname, username, team_id) values (16, 116, 'Judith', 'Andrews', 'jandrewsf', 12);
insert into tblUser (id, number, firstname, lastname, username, team_id) values (17, 117, 'Margaret', 'Russell', 'mrussellg', 18);
insert into tblUser (id, number, firstname, lastname, username, team_id) values (18, 118, 'Kenneth', 'Gomez', 'kgomezh', 3);
insert into tblUser (id, number, firstname, lastname, username, team_id) values (19, 119, 'Michelle', 'Peters', 'mpetersi', 17);
insert into tblUser (id, number, firstname, lastname, username, team_id) values (20, 120, 'Carl', 'Watkins', 'cwatkinsj', 20);
insert into tblUser (id, number, firstname, lastname, username, team_id) values (21, 121, 'Catherine', 'Barnes', 'cbarnesk', 16);
insert into tblUser (id, number, firstname, lastname, username, team_id) values (22, 122, 'Denise', 'Gordon', 'dgordonl', null);
insert into tblUser (id, number, firstname, lastname, username, team_id) values (23, 123, 'Andrew', 'Reed', 'areedm', 18);
insert into tblUser (id, number, firstname, lastname, username, team_id) values (24, 124, 'Jacqueline', 'Carpenter', 'jcarpentern', 3);
insert into tblUser (id, number, firstname, lastname, username, team_id) values (25, 125, 'Diane', 'Burns', 'dburnso', null);
insert into tblUser (id, number, firstname, lastname, username, team_id) values (26, 126, 'Brian', 'Brooks', 'bbrooksp', 25);
insert into tblUser (id, number, firstname, lastname, username, team_id) values (27, 127, 'Denise', 'Ross', 'drossq', 3);
insert into tblUser (id, number, firstname, lastname, username, team_id) values (28, 128, 'Adam', 'Gutierrez', 'agutierrezr', 14);
insert into tblUser (id, number, firstname, lastname, username, team_id) values (29, 129, 'Gary', 'Robinson', 'grobinsons', 29);
insert into tblUser (id, number, firstname, lastname, username, team_id) values (30, 130, 'Annie', 'Brown', 'abrownt', 4);
insert into tblUser (id, number, firstname, lastname, username, team_id) values (31, 131, 'Wayne', 'Matthews', 'wmatthewsu', 16);
insert into tblUser (id, number, firstname, lastname, username, team_id) values (32, 132, 'Juan', 'Mitchell', 'jmitchellv', 24);
insert into tblUser (id, number, firstname, lastname, username, team_id) values (33, 133, 'Ernest', 'Little', 'elittlew', 20);
insert into tblUser (id, number, firstname, lastname, username, team_id) values (34, 134, 'Larry', 'Vasquez', 'lvasquezx', 22);
insert into tblUser (id, number, firstname, lastname, username, team_id) values (35, 135, 'Sandra', 'Adams', 'sadamsy', 5);
insert into tblUser (id, number, firstname, lastname, username, team_id) values (36, 136, 'Anthony', 'Arnold', 'aarnoldz', 19);
insert into tblUser (id, number, firstname, lastname, username, team_id) values (37, 137, 'Victor', 'Little', 'vlittle10', 22);
insert into tblUser (id, number, firstname, lastname, username, team_id) values (38, 138, 'Christine', 'Murray', 'cmurray11', 5);
insert into tblUser (id, number, firstname, lastname, username, team_id) values (39, 139, 'Ruth', 'Montgomery', 'rmontgomery12', 20);
insert into tblUser (id, number, firstname, lastname, username, team_id) values (40, 140, 'Earl', 'Lewis', 'elewis13', null);
insert into tblUser (id, number, firstname, lastname, username, team_id) values (41, 141, 'Aaron', 'Grant', 'agrant14', 16);
insert into tblUser (id, number, firstname, lastname, username, team_id) values (42, 142, 'Betty', 'Miller', 'bmiller15', 9);
insert into tblUser (id, number, firstname, lastname, username, team_id) values (43, 143, 'Robert', 'Hayes', 'rhayes16', 14);
insert into tblUser (id, number, firstname, lastname, username, team_id) values (44, 144, 'Julie', 'Miller', 'jmiller17', 20);
insert into tblUser (id, number, firstname, lastname, username, team_id) values (45, 145, 'Diane', 'Bailey', 'dbailey18', 6);
insert into tblUser (id, number, firstname, lastname, username, team_id) values (46, 146, 'Jeremy', 'Mills', 'jmills19', 4);
insert into tblUser (id, number, firstname, lastname, username, team_id) values (47, 147, 'Linda', 'Franklin', 'lfranklin1a', 7);
insert into tblUser (id, number, firstname, lastname, username, team_id) values (48, 148, 'Raymond', 'Chapman', 'rchapman1b', 25);
insert into tblUser (id, number, firstname, lastname, username, team_id) values (49, 149, 'Kathryn', 'Cook', 'kcook1c', 18);
insert into tblUser (id, number, firstname, lastname, username, team_id) values (50, 150, 'Bruce', 'Chavez', 'bchavez1d', 29);
insert into tblUser (id, number, firstname, lastname, username, team_id) values (51, 151, 'Wanda', 'Rogers', 'wrogers1e', 5);
insert into tblUser (id, number, firstname, lastname, username, team_id) values (52, 152, 'Johnny', 'Andrews', 'jandrews1f', null);
insert into tblUser (id, number, firstname, lastname, username, team_id) values (53, 153, 'Roy', 'Anderson', 'randerson1g', 22);
insert into tblUser (id, number, firstname, lastname, username, team_id) values (54, 154, 'Craig', 'Reed', 'creed1h', 4);
insert into tblUser (id, number, firstname, lastname, username, team_id) values (55, 155, 'Mary', 'West', 'mwest1i', 24);
insert into tblUser (id, number, firstname, lastname, username, team_id) values (56, 156, 'Steve', 'Burke', 'sburke1j', 19);
insert into tblUser (id, number, firstname, lastname, username, team_id) values (57, 157, 'Phyllis', 'White', 'pwhite1k', 21);
insert into tblUser (id, number, firstname, lastname, username, team_id) values (58, 158, 'Steven', 'Hughes', 'shughes1l', 7);
insert into tblUser (id, number, firstname, lastname, username, team_id) values (59, 159, 'Kenneth', 'Cook', 'kcook1m', 18);
insert into tblUser (id, number, firstname, lastname, username, team_id) values (60, 160, 'Janet', 'Jacobs', 'jjacobs1n', 22);
insert into tblUser (id, number, firstname, lastname, username, team_id) values (61, 161, 'Laura', 'Reynolds', 'lreynolds1o', 15);
insert into tblUser (id, number, firstname, lastname, username, team_id) values (62, 162, 'Ralph', 'Edwards', 'redwards1p', 22);
insert into tblUser (id, number, firstname, lastname, username, team_id) values (63, 163, 'Pamela', 'Patterson', 'ppatterson1q', 14);
insert into tblUser (id, number, firstname, lastname, username, team_id) values (64, 164, 'Sara', 'Cole', 'scole1r', null);
insert into tblUser (id, number, firstname, lastname, username, team_id) values (65, 165, 'Paula', 'Johnson', 'pjohnson1s', 30);
insert into tblUser (id, number, firstname, lastname, username, team_id) values (66, 166, 'William', 'Day', 'wday1t', 3);
insert into tblUser (id, number, firstname, lastname, username, team_id) values (67, 167, 'Roger', 'Andrews', 'randrews1u', 8);
insert into tblUser (id, number, firstname, lastname, username, team_id) values (68, 168, 'Howard', 'Ward', 'hward1v', null);
insert into tblUser (id, number, firstname, lastname, username, team_id) values (69, 169, 'Debra', 'Morales', 'dmorales1w', 24);
insert into tblUser (id, number, firstname, lastname, username, team_id) values (70, 170, 'Alan', 'Reynolds', 'areynolds1x', 29);
insert into tblUser (id, number, firstname, lastname, username, team_id) values (71, 171, 'Larry', 'Ford', 'lford1y', 17);
insert into tblUser (id, number, firstname, lastname, username, team_id) values (72, 172, 'Todd', 'Lynch', 'tlynch1z', 27);
insert into tblUser (id, number, firstname, lastname, username, team_id) values (73, 173, 'Pamela', 'Snyder', 'psnyder20', 6);
insert into tblUser (id, number, firstname, lastname, username, team_id) values (74, 174, 'Eric', 'Simpson', 'esimpson21', null);
insert into tblUser (id, number, firstname, lastname, username, team_id) values (75, 175, 'Kathleen', 'Willis', 'kwillis22', 28);
insert into tblUser (id, number, firstname, lastname, username, team_id) values (76, 176, 'Doris', 'Jenkins', 'djenkins23', 19);
insert into tblUser (id, number, firstname, lastname, username, team_id) values (77, 177, 'David', 'Austin', 'daustin24', 30);
insert into tblUser (id, number, firstname, lastname, username, team_id) values (78, 178, 'Doris', 'Robertson', 'drobertson25', null);
insert into tblUser (id, number, firstname, lastname, username, team_id) values (79, 179, 'Brian', 'Carr', 'bcarr26', 2);
insert into tblUser (id, number, firstname, lastname, username, team_id) values (80, 180, 'Jonathan', 'Freeman', 'jfreeman27', 27);
insert into tblUser (id, number, firstname, lastname, username, team_id) values (81, 181, 'Beverly', 'Gilbert', 'bgilbert28', 25);
insert into tblUser (id, number, firstname, lastname, username, team_id) values (82, 182, 'Kelly', 'Miller', 'kmiller29', 13);
insert into tblUser (id, number, firstname, lastname, username, team_id) values (83, 183, 'Terry', 'Lawson', 'tlawson2a', 16);
insert into tblUser (id, number, firstname, lastname, username, team_id) values (84, 184, 'Janet', 'Bell', 'jbell2b', 29);
insert into tblUser (id, number, firstname, lastname, username, team_id) values (85, 185, 'Heather', 'Reyes', 'hreyes2c', 27);
insert into tblUser (id, number, firstname, lastname, username, team_id) values (86, 186, 'Theresa', 'Kelley', 'tkelley2d', 11);
insert into tblUser (id, number, firstname, lastname, username, team_id) values (87, 187, 'Margaret', 'Thomas', 'mthomas2e', null);
insert into tblUser (id, number, firstname, lastname, username, team_id) values (88, 188, 'Harold', 'Boyd', 'hboyd2f', 11);
insert into tblUser (id, number, firstname, lastname, username, team_id) values (89, 189, 'Jason', 'Howell', 'jhowell2g', 12);
insert into tblUser (id, number, firstname, lastname, username, team_id) values (90, 190, 'George', 'Garcia', 'ggarcia2h', 9);
insert into tblUser (id, number, firstname, lastname, username, team_id) values (91, 191, 'Carolyn', 'Simmons', 'csimmons2i', 12);
insert into tblUser (id, number, firstname, lastname, username, team_id) values (92, 192, 'Timothy', 'Arnold', 'tarnold2j', 20);
insert into tblUser (id, number, firstname, lastname, username, team_id) values (93, 193, 'James', 'Larson', 'jlarson2k', 21);
insert into tblUser (id, number, firstname, lastname, username, team_id) values (94, 194, 'Elizabeth', 'Welch', 'ewelch2l', 9);
insert into tblUser (id, number, firstname, lastname, username, team_id) values (95, 195, 'Jessica', 'Wilson', 'jwilson2m', 12);
insert into tblUser (id, number, firstname, lastname, username, team_id) values (96, 196, 'Janet', 'Mendoza', 'jmendoza2n', 16);
insert into tblUser (id, number, firstname, lastname, username, team_id) values (97, 197, 'Denise', 'Lawrence', 'dlawrence2o', 23);
insert into tblUser (id, number, firstname, lastname, username, team_id) values (98, 198, 'Susan', 'Wagner', 'swagner2p', 4);
insert into tblUser (id, number, firstname, lastname, username, team_id) values (99, 199, 'Jerry', 'Richards', 'jrichards2q', 22);
insert into tblUser (id, number, firstname, lastname, username, team_id) values (100, 200, 'Doris', 'Perry', 'dperry2r', null);


insert into tblIssue (id, number, string) values (1, 101, 'Cras mi pede, malesuada in, imperdiet et, commodo vulputate, justo. In blandit ultrices enim. Lorem ipsum dolor sit amet, consectetuer adipiscing elit.');
insert into tblIssue (id, number, string) values (2, 102, 'Proin interdum mauris non ligula pellentesque ultrices. Phasellus id sapien in sapien iaculis congue. Vivamus metus arcu, adipiscing molestie, hendrerit at, vulputate vitae, nisl.');
insert into tblIssue (id, number, string) values (3, 103, 'Duis bibendum, felis sed interdum venenatis, turpis enim blandit mi, in porttitor pede justo eu massa. Donec dapibus. Duis at velit eu est congue elementum.');
insert into tblIssue (id, number, string) values (4, 104, 'Proin eu mi. Nulla ac enim. In tempor, turpis nec euismod scelerisque, quam turpis adipiscing lorem, vitae mattis nibh ligula nec sem.');
insert into tblIssue (id, number, string) values (5, 105, 'Cum sociis natoque penatibus et magnis dis parturient montes, nascetur ridiculus mus. Vivamus vestibulum sagittis sapien. Cum sociis natoque penatibus et magnis dis parturient montes, nascetur ridiculus mus.');
insert into tblIssue (id, number, string) values (6, 106, 'Maecenas ut massa quis augue luctus tincidunt. Nulla mollis molestie lorem. Quisque ut erat.');
insert into tblIssue (id, number, string) values (7, 107, 'Maecenas ut massa quis augue luctus tincidunt. Nulla mollis molestie lorem. Quisque ut erat.');
insert into tblIssue (id, number, string) values (8, 108, 'Proin interdum mauris non ligula pellentesque ultrices. Phasellus id sapien in sapien iaculis congue. Vivamus metus arcu, adipiscing molestie, hendrerit at, vulputate vitae, nisl.');
insert into tblIssue (id, number, string) values (9, 109, 'Curabitur at ipsum ac tellus semper interdum. Mauris ullamcorper purus sit amet nulla. Quisque arcu libero, rutrum ac, lobortis vel, dapibus at, diam.');
insert into tblIssue (id, number, string) values (10, 110, 'In quis justo. Maecenas rhoncus aliquam lacus. Morbi quis tortor id nulla ultrices aliquet.');
insert into tblIssue (id, number, string) values (11, 111, 'Mauris enim leo, rhoncus sed, vestibulum sit amet, cursus id, turpis. Integer aliquet, massa id lobortis convallis, tortor risus dapibus augue, vel accumsan tellus nisi eu orci. Mauris lacinia sapien quis libero.');
insert into tblIssue (id, number, string) values (12, 112, 'Proin eu mi. Nulla ac enim. In tempor, turpis nec euismod scelerisque, quam turpis adipiscing lorem, vitae mattis nibh ligula nec sem.');
insert into tblIssue (id, number, string) values (13, 113, 'Sed ante. Vivamus tortor. Duis mattis egestas metus.');
insert into tblIssue (id, number, string) values (14, 114, 'In hac habitasse platea dictumst. Etiam faucibus cursus urna. Ut tellus.');
insert into tblIssue (id, number, string) values (15, 115, 'Nam ultrices, libero non mattis pulvinar, nulla pede ullamcorper augue, a suscipit nulla elit ac nulla. Sed vel enim sit amet nunc viverra dapibus. Nulla suscipit ligula in lacus.');
insert into tblIssue (id, number, string) values (16, 116, 'Cras non velit nec nisi vulputate nonummy. Maecenas tincidunt lacus at velit. Vivamus vel nulla eget eros elementum pellentesque.');
insert into tblIssue (id, number, string) values (17, 117, 'In sagittis dui vel nisl. Duis ac nibh. Fusce lacus purus, aliquet at, feugiat non, pretium quis, lectus.');
insert into tblIssue (id, number, string) values (18, 118, 'Mauris enim leo, rhoncus sed, vestibulum sit amet, cursus id, turpis. Integer aliquet, massa id lobortis convallis, tortor risus dapibus augue, vel accumsan tellus nisi eu orci. Mauris lacinia sapien quis libero.');
insert into tblIssue (id, number, string) values (19, 119, 'In hac habitasse platea dictumst. Etiam faucibus cursus urna. Ut tellus.');
insert into tblIssue (id, number, string) values (20, 120, 'Duis aliquam convallis nunc. Proin at turpis a pede posuere nonummy. Integer non velit.');

insert into tblWorkItem (id, number, description, status, issue_id) values (1, 101, 'In hac habitasse platea dictumst.', 'DONE', null);
insert into tblWorkItem (id, number, description, status, issue_id) values (2, 102, 'Duis consequat dui nec nisi volutpat eleifend.', 'IN_PROGRESS', null);
insert into tblWorkItem (id, number, description, status, issue_id) values (3, 103, 'Duis bibendum, felis sed interdum venenatis, turpis enim blandit mi, in porttitor pede justo eu massa.', 'IN_PROGRESS', null);
insert into tblWorkItem (id, number, description, status, issue_id) values (4, 104, 'Phasellus sit amet erat.', 'ON_BACKLOG', 1);
insert into tblWorkItem (id, number, description, status, issue_id) values (5, 105, 'Aenean fermentum.', 'IN_PROGRESS', null);
insert into tblWorkItem (id, number, description, status, issue_id) values (6, 106, 'In hac habitasse platea dictumst.', 'DONE', 2);
insert into tblWorkItem (id, number, description, status, issue_id) values (7, 107, 'Nulla neque libero, convallis eget, eleifend luctus, ultricies eu, nibh.', 'IN_PROGRESS', null);
insert into tblWorkItem (id, number, description, status, issue_id) values (8, 108, 'Morbi vel lectus in quam fringilla rhoncus.', 'DONE', 3);
insert into tblWorkItem (id, number, description, status, issue_id) values (9, 109, 'Vivamus vel nulla eget eros elementum pellentesque.', 'ON_BACKLOG', null);
insert into tblWorkItem (id, number, description, status, issue_id) values (10, 110, 'Vestibulum ante ipsum primis in faucibus orci luctus et ultrices posuere cubilia Curae; Mauris viverra diam vitae quam.', 'IN_PROGRESS', null);
insert into tblWorkItem (id, number, description, status, issue_id) values (11, 111, 'Praesent blandit.', 'IN_PROGRESS', 4);
insert into tblWorkItem (id, number, description, status, issue_id) values (12, 112, 'Maecenas ut massa quis augue luctus tincidunt.', 'DONE', null);
insert into tblWorkItem (id, number, description, status, issue_id) values (13, 113, 'In sagittis dui vel nisl.', 'ON_BACKLOG', null);
insert into tblWorkItem (id, number, description, status, issue_id) values (14, 114, 'In hac habitasse platea dictumst.', 'IN_PROGRESS', null);
insert into tblWorkItem (id, number, description, status, issue_id) values (15, 115, 'Donec semper sapien a libero.', 'IN_PROGRESS', null);
insert into tblWorkItem (id, number, description, status, issue_id) values (16, 116, 'Etiam vel augue.', 'DONE', null);
insert into tblWorkItem (id, number, description, status, issue_id) values (17, 117, 'Suspendisse potenti.', 'IN_PROGRESS', 5);
insert into tblWorkItem (id, number, description, status, issue_id) values (18, 118, 'Vivamus metus arcu, adipiscing molestie, hendrerit at, vulputate vitae, nisl.', 'ON_BACKLOG', null);
insert into tblWorkItem (id, number, description, status, issue_id) values (19, 119, 'Morbi a ipsum.', 'ON_BACKLOG', 6);
insert into tblWorkItem (id, number, description, status, issue_id) values (20, 120, 'Nulla ut erat id mauris vulputate elementum.', 'ON_BACKLOG', null);
insert into tblWorkItem (id, number, description, status, issue_id) values (21, 121, 'Integer non velit.', 'ON_BACKLOG', 7);
insert into tblWorkItem (id, number, description, status, issue_id) values (22, 122, 'Morbi sem mauris, laoreet ut, rhoncus aliquet, pulvinar sed, nisl.', 'DONE', null);
insert into tblWorkItem (id, number, description, status, issue_id) values (23, 123, 'Duis mattis egestas metus.', 'IN_PROGRESS', 8);
insert into tblWorkItem (id, number, description, status, issue_id) values (24, 124, 'Nunc purus.', 'IN_PROGRESS', 9);
insert into tblWorkItem (id, number, description, status, issue_id) values (25, 125, 'Aenean lectus.', 'DONE', 10);
insert into tblWorkItem (id, number, description, status, issue_id) values (26, 126, 'Proin interdum mauris non ligula pellentesque ultrices.', 'DONE', null);
insert into tblWorkItem (id, number, description, status, issue_id) values (27, 127, 'Morbi vestibulum, velit id pretium iaculis, diam erat fermentum justo, nec condimentum neque sapien placerat ante.', 'IN_PROGRESS', null);
insert into tblWorkItem (id, number, description, status, issue_id) values (28, 128, 'Maecenas tristique, est et tempus semper, est quam pharetra magna, ac consequat metus sapien ut nunc.', 'DONE', null);
insert into tblWorkItem (id, number, description, status, issue_id) values (29, 129, 'Quisque porta volutpat erat.', 'ON_BACKLOG', 11);
insert into tblWorkItem (id, number, description, status, issue_id) values (30, 130, 'Suspendisse potenti.', 'DONE', 12);
insert into tblWorkItem (id, number, description, status, issue_id) values (31, 131, 'Etiam pretium iaculis justo.', 'IN_PROGRESS', 13);
insert into tblWorkItem (id, number, description, status, issue_id) values (32, 132, 'Duis aliquam convallis nunc.', 'ON_BACKLOG', 14);
insert into tblWorkItem (id, number, description, status, issue_id) values (33, 133, 'Nulla ut erat id mauris vulputate elementum.', 'ON_BACKLOG', 15);
insert into tblWorkItem (id, number, description, status, issue_id) values (34, 134, 'Proin interdum mauris non ligula pellentesque ultrices.', 'IN_PROGRESS', 16);
insert into tblWorkItem (id, number, description, status, issue_id) values (35, 135, 'Vestibulum quam sapien, varius ut, blandit non, interdum in, ante.', 'ON_BACKLOG', 17);
insert into tblWorkItem (id, number, description, status, issue_id) values (36, 136, 'Morbi non quam nec dui luctus rutrum.', 'ON_BACKLOG', 18);
insert into tblWorkItem (id, number, description, status, issue_id) values (37, 137, 'Maecenas tincidunt lacus at velit.', 'ON_BACKLOG', null);
insert into tblWorkItem (id, number, description, status, issue_id) values (38, 138, 'Vestibulum ante ipsum primis in faucibus orci luctus et ultrices posuere cubilia Curae; Donec pharetra, magna vestibulum aliquet ultrices, erat tortor sollicitudin mi, sit amet lobortis sapien sapien non mi.', 'IN_PROGRESS', null);
insert into tblWorkItem (id, number, description, status, issue_id) values (39, 139, 'Aliquam non mauris.', 'ON_BACKLOG', 19);
insert into tblWorkItem (id, number, description, status, issue_id) values (40, 140, 'Suspendisse potenti.', 'ON_BACKLOG', 20);
insert into tblWorkItem (id, number, description, status, issue_id) values (41, 141, 'Nam dui.', 'ON_BACKLOG', null);
insert into tblWorkItem (id, number, description, status, issue_id) values (42, 142, 'Duis aliquam convallis nunc.', 'DONE', null);
insert into tblWorkItem (id, number, description, status, issue_id) values (43, 143, 'Duis bibendum, felis sed interdum venenatis, turpis enim blandit mi, in porttitor pede justo eu massa.', 'ON_BACKLOG', null);
insert into tblWorkItem (id, number, description, status, issue_id) values (44, 144, 'Morbi non lectus.', 'DONE', null);
insert into tblWorkItem (id, number, description, status, issue_id) values (45, 145, 'Maecenas ut massa quis augue luctus tincidunt.', 'DONE', null);
insert into tblWorkItem (id, number, description, status, issue_id) values (46, 146, 'Nullam varius.', 'IN_PROGRESS', null);
insert into tblWorkItem (id, number, description, status, issue_id) values (47, 147, 'Nulla mollis molestie lorem.', 'DONE', null);
insert into tblWorkItem (id, number, description, status, issue_id) values (48, 148, 'Integer ac leo.', 'ON_BACKLOG', null);
insert into tblWorkItem (id, number, description, status, issue_id) values (49, 149, 'Fusce posuere felis sed lacus.', 'ON_BACKLOG', null);
insert into tblWorkItem (id, number, description, status, issue_id) values (50, 150, 'Nunc purus.', 'IN_PROGRESS', null);
insert into tblWorkItem (id, number, description, status, issue_id) values (51, 151, 'Praesent blandit.', 'DONE', null);
insert into tblWorkItem (id, number, description, status, issue_id) values (52, 152, 'Suspendisse potenti.', 'ON_BACKLOG', null);
insert into tblWorkItem (id, number, description, status, issue_id) values (53, 153, 'Nulla justo.', 'IN_PROGRESS', null);
insert into tblWorkItem (id, number, description, status, issue_id) values (54, 154, 'Morbi porttitor lorem id ligula.', 'IN_PROGRESS', null);
insert into tblWorkItem (id, number, description, status, issue_id) values (55, 155, 'Etiam faucibus cursus urna.', 'IN_PROGRESS', null);
insert into tblWorkItem (id, number, description, status, issue_id) values (56, 156, 'Vestibulum ante ipsum primis in faucibus orci luctus et ultrices posuere cubilia Curae; Duis faucibus accumsan odio.', 'IN_PROGRESS', null);
insert into tblWorkItem (id, number, description, status, issue_id) values (57, 157, 'Suspendisse accumsan tortor quis turpis.', 'IN_PROGRESS', null);
insert into tblWorkItem (id, number, description, status, issue_id) values (58, 158, 'In quis justo.', 'DONE', null);
insert into tblWorkItem (id, number, description, status, issue_id) values (59, 159, 'Nam tristique tortor eu pede.', 'DONE', null);
insert into tblWorkItem (id, number, description, status, issue_id) values (60, 160, 'Fusce consequat.', 'IN_PROGRESS', null);
insert into tblWorkItem (id, number, description, status, issue_id) values (61, 161, 'Nulla tempus.', 'IN_PROGRESS', null);
insert into tblWorkItem (id, number, description, status, issue_id) values (62, 162, 'In hac habitasse platea dictumst.', 'DONE', null);
insert into tblWorkItem (id, number, description, status, issue_id) values (63, 163, 'Suspendisse potenti.', 'ON_BACKLOG', null);
insert into tblWorkItem (id, number, description, status, issue_id) values (64, 164, 'Cras pellentesque volutpat dui.', 'ON_BACKLOG', null);
insert into tblWorkItem (id, number, description, status, issue_id) values (65, 165, 'Nunc purus.', 'DONE', null);
insert into tblWorkItem (id, number, description, status, issue_id) values (66, 166, 'In hac habitasse platea dictumst.', 'DONE', null);
insert into tblWorkItem (id, number, description, status, issue_id) values (67, 167, 'Curabitur gravida nisi at nibh.', 'ON_BACKLOG', null);
insert into tblWorkItem (id, number, description, status, issue_id) values (68, 168, 'Nam tristique tortor eu pede.', 'ON_BACKLOG', null);
insert into tblWorkItem (id, number, description, status, issue_id) values (69, 169, 'Mauris enim leo, rhoncus sed, vestibulum sit amet, cursus id, turpis.', 'ON_BACKLOG', null);
insert into tblWorkItem (id, number, description, status, issue_id) values (70, 170, 'Etiam faucibus cursus urna.', 'DONE', null);

insert into tblUser_tblWorkItem (user_id, workItem_id) values (34, 26);
insert into tblUser_tblWorkItem (user_id, workItem_id) values (67, 41);
insert into tblUser_tblWorkItem (user_id, workItem_id) values (97, 42);
insert into tblUser_tblWorkItem (user_id, workItem_id) values (68, 67);
insert into tblUser_tblWorkItem (user_id, workItem_id) values (8, 54);
insert into tblUser_tblWorkItem (user_id, workItem_id) values (52, 46);
insert into tblUser_tblWorkItem (user_id, workItem_id) values (61, 31);
insert into tblUser_tblWorkItem (user_id, workItem_id) values (43, 28);
insert into tblUser_tblWorkItem (user_id, workItem_id) values (34, 33);
insert into tblUser_tblWorkItem (user_id, workItem_id) values (47, 5);
insert into tblUser_tblWorkItem (user_id, workItem_id) values (99, 10);
insert into tblUser_tblWorkItem (user_id, workItem_id) values (15, 63);
insert into tblUser_tblWorkItem (user_id, workItem_id) values (68, 26);
insert into tblUser_tblWorkItem (user_id, workItem_id) values (66, 34);
insert into tblUser_tblWorkItem (user_id, workItem_id) values (75, 48);
insert into tblUser_tblWorkItem (user_id, workItem_id) values (77, 63);
insert into tblUser_tblWorkItem (user_id, workItem_id) values (81, 49);
insert into tblUser_tblWorkItem (user_id, workItem_id) values (35, 66);
insert into tblUser_tblWorkItem (user_id, workItem_id) values (44, 49);
insert into tblUser_tblWorkItem (user_id, workItem_id) values (92, 21);
insert into tblUser_tblWorkItem (user_id, workItem_id) values (48, 59);
insert into tblUser_tblWorkItem (user_id, workItem_id) values (39, 7);
insert into tblUser_tblWorkItem (user_id, workItem_id) values (54, 57);
insert into tblUser_tblWorkItem (user_id, workItem_id) values (40, 27);
insert into tblUser_tblWorkItem (user_id, workItem_id) values (17, 62);
insert into tblUser_tblWorkItem (user_id, workItem_id) values (39, 61);
insert into tblUser_tblWorkItem (user_id, workItem_id) values (47, 24);
insert into tblUser_tblWorkItem (user_id, workItem_id) values (93, 31);
insert into tblUser_tblWorkItem (user_id, workItem_id) values (73, 69);
insert into tblUser_tblWorkItem (user_id, workItem_id) values (38, 53);
insert into tblUser_tblWorkItem (user_id, workItem_id) values (67, 60);
insert into tblUser_tblWorkItem (user_id, workItem_id) values (90, 49);
insert into tblUser_tblWorkItem (user_id, workItem_id) values (33, 44);
insert into tblUser_tblWorkItem (user_id, workItem_id) values (79, 47);
insert into tblUser_tblWorkItem (user_id, workItem_id) values (25, 70);
insert into tblUser_tblWorkItem (user_id, workItem_id) values (77, 36);
insert into tblUser_tblWorkItem (user_id, workItem_id) values (19, 10);
insert into tblUser_tblWorkItem (user_id, workItem_id) values (41, 25);
insert into tblUser_tblWorkItem (user_id, workItem_id) values (33, 58);
insert into tblUser_tblWorkItem (user_id, workItem_id) values (9, 61);
insert into tblUser_tblWorkItem (user_id, workItem_id) values (74, 38);
insert into tblUser_tblWorkItem (user_id, workItem_id) values (6, 9);
insert into tblUser_tblWorkItem (user_id, workItem_id) values (93, 40);
insert into tblUser_tblWorkItem (user_id, workItem_id) values (35, 22);
insert into tblUser_tblWorkItem (user_id, workItem_id) values (38, 37);
insert into tblUser_tblWorkItem (user_id, workItem_id) values (71, 63);
insert into tblUser_tblWorkItem (user_id, workItem_id) values (64, 65);
insert into tblUser_tblWorkItem (user_id, workItem_id) values (19, 22);
insert into tblUser_tblWorkItem (user_id, workItem_id) values (48, 17);
insert into tblUser_tblWorkItem (user_id, workItem_id) values (47, 17);
insert into tblUser_tblWorkItem (user_id, workItem_id) values (83, 69);
insert into tblUser_tblWorkItem (user_id, workItem_id) values (56, 57);
insert into tblUser_tblWorkItem (user_id, workItem_id) values (93, 5);
insert into tblUser_tblWorkItem (user_id, workItem_id) values (40, 52);
insert into tblUser_tblWorkItem (user_id, workItem_id) values (60, 56);
insert into tblUser_tblWorkItem (user_id, workItem_id) values (54, 49);
insert into tblUser_tblWorkItem (user_id, workItem_id) values (75, 6);
insert into tblUser_tblWorkItem (user_id, workItem_id) values (45, 46);
insert into tblUser_tblWorkItem (user_id, workItem_id) values (29, 40);
insert into tblUser_tblWorkItem (user_id, workItem_id) values (16, 15);
insert into tblUser_tblWorkItem (user_id, workItem_id) values (37, 42);
insert into tblUser_tblWorkItem (user_id, workItem_id) values (62, 9);
insert into tblUser_tblWorkItem (user_id, workItem_id) values (100, 69);
insert into tblUser_tblWorkItem (user_id, workItem_id) values (14, 12);
insert into tblUser_tblWorkItem (user_id, workItem_id) values (29, 12);
insert into tblUser_tblWorkItem (user_id, workItem_id) values (34, 13);
insert into tblUser_tblWorkItem (user_id, workItem_id) values (74, 18);
insert into tblUser_tblWorkItem (user_id, workItem_id) values (50, 11);
insert into tblUser_tblWorkItem (user_id, workItem_id) values (57, 7);
insert into tblUser_tblWorkItem (user_id, workItem_id) values (27, 33);
insert into tblUser_tblWorkItem (user_id, workItem_id) values (17, 20);
insert into tblUser_tblWorkItem (user_id, workItem_id) values (96, 5);
insert into tblUser_tblWorkItem (user_id, workItem_id) values (71, 46);
insert into tblUser_tblWorkItem (user_id, workItem_id) values (81, 14);
insert into tblUser_tblWorkItem (user_id, workItem_id) values (13, 68);
insert into tblUser_tblWorkItem (user_id, workItem_id) values (41, 50);
insert into tblUser_tblWorkItem (user_id, workItem_id) values (82, 70);
insert into tblUser_tblWorkItem (user_id, workItem_id) values (24, 65);
insert into tblUser_tblWorkItem (user_id, workItem_id) values (39, 21);
insert into tblUser_tblWorkItem (user_id, workItem_id) values (13, 40);
insert into tblUser_tblWorkItem (user_id, workItem_id) values (81, 62);
insert into tblUser_tblWorkItem (user_id, workItem_id) values (42, 2);
insert into tblUser_tblWorkItem (user_id, workItem_id) values (29, 23);
insert into tblUser_tblWorkItem (user_id, workItem_id) values (85, 42);
insert into tblUser_tblWorkItem (user_id, workItem_id) values (2, 32);

COMMIT;
SET autocommit=1;
SET unique_checks=1;
SET foreign_key_checks=1;